{"train_runtime":16.4991,"train_loss":1.355486164490382,"_runtime":16.086162468,"train/loss":1.2817,"eval/loss":1.0555274486541748,"train_samples_per_second":17.94,"_wandb":{"runtime":16},"train/learning_rate":0,"total_flos":1.91973382299648e+14,"eval/steps_per_second":41.462,"train/global_step":36,"_step":38,"train_steps_per_second":2.182,"_timestamp":1.732692944569494e+09,"eval/runtime":0.0965,"eval/samples_per_second":82.925,"train/epoch":1.945945945945946,"train/grad_norm":1.71875}