{"train_loss":1.3547749883598752,"eval/samples_per_second":77.926,"eval/loss":1.0534873008728027,"total_flos":1.91973382299648e+14,"train/learning_rate":0,"train_samples_per_second":11.668,"train_steps_per_second":1.419,"train_runtime":25.3687,"train/global_step":36,"eval/runtime":0.1027,"_runtime":20.225241938,"train/grad_norm":1.7087863683700562,"_wandb":{"runtime":20},"_timestamp":1.732693122346086e+09,"train/loss":1.2739,"eval/steps_per_second":38.963,"train/epoch":1.945945945945946,"_step":39}