{"_runtime":21.72739662,"train/epoch":1.945945945945946,"train/global_step":36,"train/loss":1.2716,"train/learning_rate":0,"eval/steps_per_second":22.633,"train_samples_per_second":0.943,"eval/runtime":0.1767,"_wandb":{"runtime":22},"_timestamp":1.73268944609524e+09,"train_runtime":313.7747,"_step":38,"train_steps_per_second":0.115,"train/grad_norm":1.7130473852157593,"eval/loss":1.0519407987594604,"train_loss":1.3546608553992376,"total_flos":1.91973382299648e+14,"eval/samples_per_second":45.265}