{"_step":60,"_wandb":{"runtime":34},"train/epoch":0.00488,"train/global_step":61,"train/loss":0.8449,"_timestamp":1.7326923765179644e+09,"train/learning_rate":0.00019955191038207643,"_runtime":34.559370662,"train/grad_norm":0.28125}