{"train/learning_rate":0.0001996879375875175,"train/epoch":0.00352,"_timestamp":1.7326926248045545e+09,"_wandb":{"runtime":19},"_step":43,"train/global_step":44,"train/loss":0.9507,"_runtime":19.38155995,"train/grad_norm":0.294921875}