{"_runtime":20.108671915,"train/learning_rate":0,"eval/loss":1.0540568828582764,"train/epoch":1.945945945945946,"eval/runtime":0.3945,"eval/steps_per_second":10.14,"train_loss":1.354987273613612,"train_samples_per_second":11.673,"_wandb":{"runtime":20},"train_runtime":25.3568,"train/loss":1.2755,"train/grad_norm":1.7111719846725464,"total_flos":1.91973382299648e+14,"_timestamp":1.7326919904167597e+09,"eval/samples_per_second":20.279,"_step":38,"train_steps_per_second":1.42,"train/global_step":36}