{"train/learning_rate":0,"_wandb":{"runtime":17},"train_runtime":22.6741,"train_samples_per_second":13.055,"eval/samples_per_second":59.84,"train/loss":1.2747,"train_steps_per_second":1.588,"eval/runtime":0.1337,"_step":38,"_timestamp":1.7326914829301825e+09,"eval/steps_per_second":29.92,"total_flos":1.91973382299648e+14,"train/grad_norm":1.7104452848434448,"train/global_step":36,"train_loss":1.354913314183553,"train/epoch":1.945945945945946,"_runtime":17.425116137,"eval/loss":1.0507304668426514}