{"train_samples_per_second":16.406,"_runtime":17.613157798,"train_steps_per_second":1.995,"_timestamp":1.7326927883394215e+09,"train/learning_rate":0,"eval/samples_per_second":18.702,"train/global_step":36,"eval/loss":1.0507395267486572,"train_loss":1.3546482589509752,"train_runtime":18.0418,"_wandb":{"runtime":17},"_step":38,"total_flos":1.91973382299648e+14,"train/loss":1.2699,"train/epoch":1.945945945945946,"eval/runtime":0.4278,"eval/steps_per_second":9.351,"train/grad_norm":1.7120167016983032}